count,prod_vol
3039,314432
15,286688
111,277440
3,268686
3,261855
1,252054
25,245000
4,244260
9,238050
33,234000
4,231200
10,217620
5,216008
1,216000
1,214760
16,214326
2,212940
6,208725
2,194700
1,193800
9,192500
24,190440
6,189000
1,186300
1,185955
7,184800
1,182850
5,182160
33,180000
1,179400
8,179200
2,178848
14,178475
1,176256
86,175712
10,175032
1,173880
4,172872
16,172500
4,171105
5,168960
1,165648
1,164300
20,164150
9,160800
4,159744
121,158355
12,157950
3,157500
3,157410
71,156468
49,155648
7,155550
13,155025
10,154836
1,154560
3,154128
5,152064
53,150822
15,150800
17,150144
2,149760
6,147968
4,146250
2,146217
66,145794
26,144854
21,144000
2,142912
9,142830
12,142228
6,142100
1,141960
22,141705
4,141600
4,141050
12,140712
10,140608
5,140030
18,138384
20,138159
5,138012
36,138000
14,137800
5,137200
2,135608
2,135424
27,135000
9,134560
19,133224
12,133200
17,132480
1,132160
1,132066
1,131544
14,131040
32,129600
2,129500
1,129360
1,128700
50,128588
3,128547
115,128064
27,127551
1,127200
3,126750
35,126000
1,125345
19,125050
5,125001
2,124740
3,124440
3,124410
14,124200
2,123200
30,123000
1,122500
47,122400
2,122200
4,121905
2,121471
53,121104
1,121095
10,120960
6,120612
41,120000
20,119600
2,118826
5,118818
4,118320
34,118300
9,118035
19,118000
6,117852
2,117600
4,117250
5,117000
1,116994
1,116160
6,115920
2,115320
9,115290
1,115200
8,115197
167,114376
9,114345
160,114264
8,114240
2,113850
2,113568
25,113520
45,113400
1,113100
21,112800
3170,112700
44,112500
4,112320
1,112000
7,111996
7,111925
2,111671
1,111573
122,111375
20,111215
8,111012
1,110880
1,110466
5,110331
4,110200
4,110112
2,109956
3,109554
4,109503
3,109480
8,109368
5,109296
1,108864
5,108800
35,108000
8,107712
4,107604
35,107520
10,107360
2,107250
6,107100
7,106764
1,106750
2,106554
11,106260
1,106082
16,105875
6,105651
8,105600
11,104940
2,104676
22,104615
2,104544
6,104448
7,104400
8,104076
9,103680
6,103008
3,102900
1,102648
4,102601
5,102459
2,102340
4,102144
35,102120
1,101824
14,101706
4,101500
14,101232
171,100878
39,100815
22,100800
2,100467
3,100170
42,100050
2,100000
8,99981
6,99840
2,99792
2,99750
2,99640
51,99456
2,99330
2,99238
6,99064
4,98952
7,98637
7,98235
61,98208
1,97902
6,97760
1,97552
7,97470
12,97240
4,97216
2,96760
2,96746
2,96642
5,96628
48,96624
13,96600
2,96570
2,96492
2,96441
22,96406
1,96135
1,96096
30,96040
1,96000
1,95904
2,95880
1,95634
63,95410
77,95220
52,94860
1,94600
16,94392
1,94128
1,94080
38,93960
13,93860
12,93800
191,93150
6,93138
2,93060
1,93025
1,92862
4,92820
2,92752
48,92742
15,92659
31,92480
1,92463
2,92394
7,92365
1,92232
2,91902
2,91872
1,91728
7,91575
13,91390
1,91388
3,91200
3,91086
36,91080
5,90860
3,90720
2,90687
1,90650
2,90630
24,90528
411,90450
1,90440
3,90364
2,89984
2,89964
11,89760
1,89544
1,89300
2,89280
21,89208
17,89148
6,89100
6,89010
16,88806
2,88740
1,88736
4,88704
1,88560
1,88407
1,88350
3,88320
22,88298
3,88236
2,88160
3,87750
1,87723
468,87696
4,87616
5,87514
5,87400
1,87320
9,87318
13,87248
6,86940
5,86802
2,86765
20,86640
1,86625
21,86526
83,86469
1,86436
11,86400
93,86250
1,85800
2,85698
2,85690
9,85680
3,85540
152,85425
1,85280
3,85120
17,85008
3,84912
6,84672
1,84600
6,84480
1,84474
42,84000
5,83904
8,83752
2,83720
13,83475
1,83472
1,83232
9,83148
6,82998
1,82880
16,82800
2,82764
22,82560
2,82320
1,82308
3,82250
5,82134
18,82080
1,81900
1,81807
21,81774
44,81648
1,81600
1,81585
1,81313
11,81250
6,81216
6,81141
18,81000
2,80937
2,80920
3,80883
1,80730
17,80640
1,80520
35,80512
27,80500
65,80360
166,80325
1,80142
56,80032
11,79971
36,79827
2,79808
1,79560
21,79422
42,79380
22,79360
191,79200
15,79112
1,79092
50,79056
8,78750
2,78690
1,78660
2,78546
7,78432
1,78408
25,78400
4,78336
80,78300
12,78246
1,78208
2,78016
2,78000
2,77805
13,77760
3,77740
5,77520
1,77440
1,77400
12,77280
4,77220
1,77175
49,77000
2,76960
1,76908
12,76880
1,76850
308,76800
2,76752
5,76704
2,76700
3,76560
5,76440
8,76384
7,76383
3,76380
5,76320
2,76230
160,76176
7,76160
5,76050
28,76038
8,76032
22,75992
2,75900
3,75843
1,75810
18,75768
18,75762
6,75684
29,75680
45,75640
5,75625
32,75600
3,75520
38,75460
8,75400
1,75207
3,75030
16,74989
14,74844
1,74800
1,74777
66,74725
1,74648
1,74646
2,74412
32,74340
313,74200
5,74100
13,74088
8,74025
15,74000
5,73984
5,73968
29,73920
44,73882
1,73872
2,73600
10,73573
40,73472
2,73416
2,73320
11,73143
3,73125
4,73008
11,72981
17,72960
1,72928
4,72875
4,72864
20,72800
7,72765
30,72726
10,72716
4,72618
3,72576
137,72570
108,72520
2,72504
24,72450
9,72447
3,72240
24,72080
1,72072
16,72000
38,71858
2,71775
11,71760
17,71750
5,71680
1,71632
190,71604
69,71415
55,71400
3,71346
4,71340
3,71280
10,71232
7,71208
1,71176
1,71040
2,70980
5,70794
1,70756
18,70680
13,70644
1223,70380
25,70224
27,70200
2,70151
2,70000
3,69948
1,69936
1,69920
1,69905
3,69888
1,69768
26,69660
2,69654
9,69632
4,69600
2,69552
42,69513
1,69502
1,69360
3,69312
2,69192
3,69120
1,68970
11,68904
1,68640
2,68544
4,68400
1,68370
60,68310
5,68211
49,68200
23,68040
76,68034
1,67938
1,67932
28,67830
6,67821
1,67760
15,67725
10,67716
4,67712
9,67710
14,67620
14,67600
1,67500
19,67456
2,67240
9,67200
8,66976
2,66960
9,66880
13,66861
297,66654
26,66612
41,66600
14,66550
13,66528
63,66500
4,66420
1,66402
1,66330
161,66300
1,66240
5,66144
5,66000
5,65934
51,65880
3,65844
71,65664
1,65600
1,65536
94,65520
14,65472
16,65286
2,65280
22,65016
1,64944
8,64925
49,64923
3,64680
1,64512
1,64500
8,64480
3,64467
10,64448
4,64416
1,64350
1,64108
11,64077
30,64050
4,63960
9,63840
43,63812
17,63720
134,63600
22,63550
33,63525
2,63504
4,63488
1,63480
10,63450
21,63360
1,63196
5,63168
13,63074
2,63070
23,63000
21,62930
4,62868
8,62698
1,62530
3,62400
2,62361
3,62244
597,62220
1,62186
2,62160
15,62127
123,62100
1,61938
37,61920
8,61776
1,61740
15,61560
12,61404
131,61360
4,61335
2,61250
23,61200
1,61194
53,61056
14,60900
5,60858
1,60760
3,60750
1,60720
28,60536
16,60534
37,60500
3,60480
21,60434
1,60420
3,60384
17,60270
1,60264
81,60160
9,60030
11,60016
49,60000
9,59904
4,59895
1,59892
2,59840
8,59800
4,59708
1,59682
1,59670
6,59535
4,59400
9,59248
1,59220
1,59211
1,59200
23,59168
3,59160
6,59052
1,59000
10,58926
1,58905
104,58830
4,58812
24,58696
12,58695
38,58682
2,58656
24,58650
9,58609
32,58608
19,58590
5,58558
5,58512
21,58500
2,58482
10,58410
50,58368
68,58311
49,58292
2,58280
20,58275
5,58136
11,58050
2,58032
3,58000
38,57960
23,57904
16,57834
2,57810
1,57750
10,57684
6,57600
5,57477
5,57408
1,57350
9,57344
11,57288
6,57276
46,57195
4,57188
5,57120
10,57018
6,56870
3,56810
42,56763
11,56760
20,56544
12,56511
1,56457
5,56448
36,56430
4,56420
19,56400
13,56350
6,56320
7,56316
6,56240
2,56180
1,56166
5,56160
4,56100
3,56000
19,55986
1,55965
1,55944
97,55900
63,55890
4,55800
1,55796
2,55614
2,55545
5,55488
1,55470
62,55440
3,55350
25,55341
1,55296
7,55242
20,55200
9,55176
7,55131
56,55125
1,55120
12,55104
33,55062
4,55022
1,55016
12,54855
11,54740
6,54720
55,54648
16,54600
20,54575
2,54450
4,54432
3,54404
8,54332
20,54288
12,54285
2,54280
12,54243
1,54230
54,54180
30,54144
7,54120
2,54096
26,54000
36,53998
6,53956
2,53940
2,53856
3,53760
206,53664
2,53650
3,53621
6,53592
23,53550
1,53466
42,53460
2,53428
1,53382
23,53371
7,53300
10,53280
23,53244
3,53200
1,53196
19,53136
4,53130
20,53100
6,53095
19,53016
11,52992
6,52920
8,52900
31,52808
5,52800
20,52734
41,52668
3,52650
128,52640
5,52528
4,52521
2,52500
9,52470
87,52452
19,52416
1,52394
4,52392
7,52360
13,52326
2,52260
3,52224
3,52173
3,52136
3,52096
6,52020
704,52000
6,51975
14,51948
5,51888
22,51842
21,51840
5,51750
10,51700
2,51675
3,51660
10,51597
59,51520
50,51480
1,51428
1,51376
159,51336
10,51240
24,51183
12,51156
2,51150
17,51030
3,50976
11,50949
1,50813
2,50784
16,50760
2,50715
2,50622
1,50592
66,50568
1,50544
15,50540
63,50525
2,50468
3,50430
5,50400
3,50344
1,50250
61,50232
95,50225
15,50184
2,50160
16,50112
6,50094
2,49950
1,49938
4,49910
3,49896
12,49875
4,49837
1,49776
1,49764
5,49735
33,49686
51,49680
46,49632
19,49600
4,49590
8,49560
20,49504
24,49500
1,49392
1,49383
39,49350
4,49290
22,49280
99,49266
1,49200
3,49140
4,49077
3,49005
2,49000
1,48800
3,48750
5,48749
3,48720
54,48645
6,48640
12,48633
12,48600
42,48576
5,48544
13,48510
62,48488
1,48484
9,48400
13,48360
9,48321
1300,48300
2,48298
11,48285
1,48256
20,48216
1,48203
8,48195
4,48175
2,48174
1,48160
3,48050
7,48048
22,48020
34,48000
3,47970
2,47880
2,47872
2,47840
1,47775
2,47730
13,47700
14,47619
78,47610
7,47600
8,47580
1,47564
5,47560
58,47541
7,47520
15,47500
3,47424
301,47250
102,47200
40,47196
5,47150
1,47120
2,47064
25,47040
28,47000
21,46953
7,46800
44,46748
3,46699
6,46655
4,46644
49,46624
11,46620
1,46592
6,46575
30,46500
3,46494
32,46464
4,46440
32,46400
1,46354
2,46322
5,46299
1,46256
1,46255
16,46240
13,46200
29,46080
1,46035
3,46004
10,46002
6,45968
24,45920
10,45900
3,45849
8,45696
7,45675
1,45630
8,45600
21,45584
21,45570
1,45500
135,45448
5,45430
7,45408
20,45375
11,45360
6,45288
1,45264
26,45240
33,45225
4,45150
9,45144
12,45135
11,45100
20,45066
1,45056
4,45012
70,45000
1,44992
61,44950
3,44928
5,44880
37,44850
16,44764
6,44744
3,44720
2,44688
114,44550
7,44544
6,44528
17,44460
3,44415
2,44400
21,44370
24,44352
2,44275
7,44268
8,44200
9,44160
3,44109
3,44100
10,43992
2,43989
13,43956
53,43875
39,43848
4,43710
3,43700
1,43680
2,43659
8,43648
2,43645
2,43616
1,43602
55,43560
2,43554
2,43524
11,43512
30,43500
12,43472
46,43470
5,43400
27,43384
65,43344
2,43320
31,43296
12,43290
1,43218
27,43200
10,43152
2,43142
3,43129
8,43120
1,43095
1,43008
16,42978
6,42966
6,42957
1,42920
8,42900
3,42891
27,42864
4,42840
3,42768
33,42750
7,42656
3,42630
8,42588
36,42525
2,42504
18,42500
9,42484
3,42476
1,42471
3,42441
1,42432
1,42398
13,42312
7,42300
6,42294
4,42284
2,42253
1,42250
4,42240
8,42224
3,42180
34,42140
2,42120
4,42066
158,42050
17,42000
1,41952
1,41860
4,41850
22,41664
12,41650
1,41616
2,41615
1,41600
50,41580
12,41552
26,41496
3,41472
50,41440
53,41412
2,41382
26,41360
30,41323
1,41292
10,41280
9,41250
1,41230
102,41184
18,41160
58,41040
1,40920
7,40850
19,40848
78,40824
5,40800
1,40796
37,40768
3,40704
3,40678
20,40672
15,40641
4,40600
14,40590
85,40572
1,40560
2,40549
40,40500
3,40443
4,40432
1,40401
3,40392
7,40362
2,40344
3,40326
37,40320
35,40280
1,40250
1,40180
2,40176
5,40128
1,40016
9,40000
12,39990
1,39960
38,39936
69,39852
33,39780
3,39744
1,39732
10,39701
6,39690
4,39680
10,39606
12,39600
2,39527
4,39480
7,39468
4,39442
5,39440
48,39424
45,39401
11,39375
5,39360
7,39345
73,39312
9,39270
21,39204
25,39200
1,39168
1,39151
3,39123
3,39104
1,39102
33,39060
362,39000
2,38998
96,38988
37,38976
2,38912
1,38896
1,38850
1,38808
28,38760
76,38750
3,38720
59,38686
3,38640
7,38628
2,38556
3,38480
2,38454
48,38440
1,38430
24,38400
3,38376
8,38352
2,38318
1,38304
24,38280
3,38272
5,38266
48,38250
79,38220
66,38192
7,38160
5,38130
144,38080
143,38016
1,37996
1,37950
9,37925
210,37888
6,37884
3,37835
19,37800
117,37789
1,37760
2,37758
19,37700
50,37674
11,37632
81,37620
25,37584
4,37576
3,37544
41,37515
12,37510
41,37500
3,37485
19,37479
7,37410
3,37400
7,37352
6,37324
2,37312
32,37296
14,37260
9,37200
1,37185
21,37152
59,37128
1,37120
5,36992
5,36960
3,36900
5,36864
8,36859
63,36855
24,36848
27,36801
6,36800
5,36765
1,36754
46,36750
4,36736
2,36720
9,36660
7,36613
4,36608
3,36575
27,36540
1,36531
4,36504
76,36480
51,36456
1,36450
5,36432
3,36425
13,36414
25,36400
1,36366
14,36288
6,36270
5,36244
2,36234
117,36190
3,36162
5,36120
6,36100
1,36080
1,36075
4,36064
1,36036
4,36018
53,36000
15,35960
1,35910
3,35904
56,35880
8,35853
3,35840
3,35805
3,35750
1,35728
30,35700
1,35672
8,35670
30,35640
1,35594
17,35588
3,35574
11,35568
1,35547
36,35532
2,35525
17,35520
2,35496
23,35490
13,35475
405,35464
14,35424
2,35409
52,35397
1,35298
70,35280
1,35264
71,35224
27,35217
32,35190
8,35178
1,35156
14,35154
1,35152
1,35139
7,35112
63,35100
10,35061
8,35000
12,34983
1,34980
15,34960
69,34944
4,34891
152,34884
2,34875
2,34850
8,34830
1,34810
67,34800
5,34782
3,34776
151,34768
2,34749
13,34720
29,34658
1,34656
5,34650
1,34632
18,34615
6,34592
15,34560
5,34510
30,34500
6,34496
7,34481
4,34476
4,34452
30,34440
1,34425
13,34408
2,34400
23,34398
3,34320
36,34317
1,34300
2,34272
7,34255
2,34224
33,34221
1,34188
3,34170
8,34162
9,34155
2,34122
1,34112
5,34102
5,34100
1,34075
18,34056
41,34048
5,34040
29,34020
1,33966
1,33948
12,33930
30,33920
13,33915
2,33902
5,33880
1,33852
13,33810
2,33800
37,33792
32,33750
12,33744
27,33712
182,33696
7,33660
1,33640
1,33630
8,33605
259,33600
1,33579
3,33573
4,33558
3,33534
5,33516
11,33511
7,33480
3,33462
5,33456
22,33440
8,33408
1,33396
7,33390
49,33345
29,33325
39,33300
24,33264
2,33263
15,33210
2,33184
3,33176
5,33152
1,33150
25,33120
1,33088
33,33075
5,33060
6,33048
1,33046
3,33005
41,33000
5,32984
53,32967
74,32946
8,32928
3,32912
1,32900
9,32890
40,32886
8,32844
37,32832
2,32799
14,32760
9,32736
3,32718
3,32708
3,32680
6,32670
16,32640
9,32604
2,32595
1,32585
3,32560
6,32538
2,32513
52,32508
3,32500
3,32490
14,32480
2,32452
1,32436
8,32430
3,32422
2882,32400
1,32384
4,32368
4,32340
5,32292
12,32256
2,32250
10,32240
1,32208
5,32200
9,32190
16,32144
37,32130
5,32116
358,32076
1,32062
2,32032
86,32000
5,31968
20,31958
5,31944
5,31939
294,31920
18,31900
4,31878
22,31850
16,31824
17,31806
3,31775
8,31772
2,31752
14,31746
6,31744
1,31740
10,31725
24,31680
11,31668
5,31648
20,31635
1,31620
32,31605
15,31590
34,31584
17,31570
15,31500
5,31488
19,31476
16,31465
9,31450
41,31407
27,31388
5,31356
24,31350
4,31329
41,31320
52,31304
1,31293
42,31250
17,31248
40,31212
43,31200
9,31175
11,31164
28,31160
4,31122
2,31119
18,31117
37,31110
38,31080
5,31059
2,31050
13,31046
10,31008
352,31000
1,30960
2,30940
32,30932
6,30914
18,30888
22,30856
16,30821
1,30784
6,30752
4,30744
5,30720
13,30690
12,30668
10,30634
98,30628
10,30625
12,30600
49,30576
1,30566
43,30562
12,30550
36,30537
25,30525
5,30492
9,30450
4,30420
1,30400
1,30381
2,30362
11,30360
11,30345
75,30303
1,30276
4,30272
82,30240
44,30186
3,30176
54,30160
58,30135
7,30132
43,30118
2,30100
4,30096
5,30056
43,30044
1,30015
1,30008
20,30000
1,29988
19,29986
32,29952
1,29928
2,29925
5,29920
2,29913
16,29900
77,29841
21,29808
24,29792
8,29791
35,29760
213,29754
11,29750
2,29733
13,29700
2,29696
151,29680
2,29667
39,29640
2,29600
6,29580
1,29574
14,29568
15,29484
1,29412
9,29406
9,29403
33,29400
154,29376
25,29348
68,29328
11,29304
1,29302
4,29295
3,29274
16,29241
4,29233
5,29205
28,29203
20,29187
4,29184
9,29172
12,29155
20,29146
1,29106
2,29087
55,29040
3,29036
24,29016
26,29008
6,29000
103,28980
21,28971
6,28900
28,28899
2,28880
20,28864
1,28860
12,28853
11,28842
112,28800
18,28782
7,28768
22,28764
7,28749
180,28728
5,28710
18,28704
7,28700
9,28652
18,28644
12,28623
19,28600
3,28576
25,28566
101,28560
1,28548
46,28520
5,28500
26,28490
6,28458
82,28424
168,28392
24,28380
2,28365
52,28350
13,28336
15,28322
9,28288
33,28272
65,28224
32,28210
56,28196
37,28182
2,28175
30,28160
11,28152
12,28101
7,28083
11,28080
6,28072
11,28050
1,28044
724,28000
166,27972
38,27965
4,27962
173,27945
3,27931
5,27930
1,27918
103,27900
25,27898
5,27880
2,27869
1,27846
6,27840
6,27816
25,27807
12,27776
1,27753
1,27750
152,27744
63,27720
52,27702
18,27676
40,27664
16,27648
12,27608
91,27600
2,27520
2,27508
36,27456
1,27454
9,27440
1,27417
43,27405
11,27380
2,27370
64,27360
2,27342
50,27328
5,27324
39,27300
50,27280
14,27265
10,27232
10,27225
77,27216
23,27200
1,27195
30,27189
8,27166
42,27144
13,27132
20,27115
6,27104
130,27090
1,27075
4,27072
21,27060
14,27048
74,27000
20,26973
5,26970
36,26961
24,26950
166,26936
14,26934
21,26928
35,26912
52,26910
103,26880
17,26862
2,26845
3,26840
123,26832
32,26825
1,26800
130,26784
18,26775
2,26754
7,26730
11,26691
1,26650
3,26600
21,26598
1,26588
3,26565
5,26535
12,26520
7,26505
22,26496
39,26488
72,26460
22,26450
34,26448
1,26432
1,26418
50,26400
167,26390
3,26381
4,26367
24,26350
40,26334
2,26312
3,26288
55,26250
18,26244
18,26240
2,26235
33,26220
139,26208
3,26180
10,26163
4,26136
5,26129
3,26117
6,26112
27,26100
2,26082
1,26078
86,26071
96,26040
6,26000
3,25992
37,25984
3,25974
4,25947
2,25944
3,25921
66,25920
8,25916
1,25900
2,25897
6,25872
3,25840
3,25830
15,25806
7,25800
3,25792
4,25760
105,25752
6,25740
4,25725
111,25704
8,25688
1,25668
1,25665
8,25662
16,25650
13,25636
20,25620
13,25600
5,25575
1,25568
14,25542
46,25536
8,25530
15,25520
23,25515
135,25480
184,25461
14,25440
46,25432
51,25420
1,25410
2,25392
4,25389
2,25380
12,25370
7,25350
4,25346
69,25344
5,25308
2,25300
71,25296
9,25272
15,25256
1,25254
14,25245
4,25230
44,25200
99,25194
12,25168
26,25155
44,25116
10,25092
33,25088
48,25080
28,25056
2,25024
2,25004
79,25000
7,24990
27,24975
20,24960
158,24948
3,24928
6,24910
1,24909
2,24882
16,24864
17,24854
8,24840
1,24816
6,24804
27,24800
16,24795
6,24786
28,24752
117,24700
4,24696
48,24640
22,24624
48,24600
10,24596
36,24570
11,24552
126,24548
1,24544
1,24518
19,24500
5,24480
7,24472
3,24453
80,24420
15,24381
20,24360
4,24354
39,24346
1,24339
12,24336
45,24334
2,24320
270,24310
6,24304
26,24300
67,24288
3,24276
2,24272
32,24255
8,24244
14,24242
92,24192
1,24190
10,24156
13,24150
2,24149
5,24128
11,24123
30,24087
7,24057
53,24050
22,24025
85,24024
24,24000
6,23976
65,23940
1,23920
7,23902
1,23870
34,23868
30,23828
1,23808
30,23800
69,23780
42,23760
127,23751
30,23744
5,23736
79,23712
7,23698
6,23688
10,23664
36,23660
12,23650
4,23616
4,23606
5,23600
3,23595
3,23575
11,23562
18,23560
2,23552
1,23541
2,23529
49,23520
5,23500
3,23478
2,23460
19,23408
38,23400
1,23392
3,23370
110,23328
7,23324
2,23312
30,23310
44,23296
64,23256
8,23250
13,23247
32,23232
5,23220
7,23200
7,23199
21,23188
6,23184
34,23166
48,23125
48,23120
1,23104
3,23100
1,23085
6,23064
21,23040
81,23000
1,22984
37,22968
9,22960
5,22950
1,22940
20,22932
2,22880
3,22878
3,22869
9,22848
8,22816
3,22815
2,22814
26,22800
5,22792
18,22785
71,22770
2,22755
10,22750
2,22743
59,22724
66,22704
170,22680
12,22678
17,22632
4,22620
25,22610
1,22607
1,22599
36,22575
28,22572
9,22568
1,22550
1,22540
1,22528
1,22512
94,22506
35,22500
5,22496
86,22464
3,22446
41,22440
11,22425
5,22400
3,22386
8,22382
1,22356
5,22344
9,22320
1,22308
5,22304
18,22275
16,22230
8,22200
158,22176
2,22154
5,22140
3,22126
2,22113
44,22080
1,22059
6,22050
26,22048
12,22032
7,22016
4,22015
25,22011
63,22000
21,21978
72,21970
3,21948
4,21945
8,21930
9,21924
16,21896
5,21888
3,21870
46,21840
244,21824
8,21812
125,21780
10,21760
71,21756
330,21736
10,21735
34,21700
1,21692
2,21689
58,21660
8,21648
7,21624
1,21607
287,21600
1,21560
10,21546
92,21528
6,21518
1,21505
66,21504
12,21489
10,21450
8,21432
18,21420
1,21411
1,21390
1,21375
8,21328
1,21320
2,21318
10,21312
7,21285
28,21280
115,21252
65,21242
11,21216
3,21200
70,21168
44,21164
8,21156
9,21141
65,21120
12,21114
1,21090
17,21080
13,21070
6,21060
1,21056
10,21054
2,21045
70,21000
43,20992
4,20988
2,20979
2,20976
90,20956
10,20944
11,20938
6,20930
2,20910
5,20900
46,20880
4,20832
17,20812
7,20808
15,20800
368,20790
12,20769
12,20757
31,20748
21,20736
1,20727
2,20720
3,20706
10,20700
12,20683
29,20677
7,20670
2,20664
4,20640
25,20625
1,20608
43,20592
7,20580
3,20553
3,20535
36,20520
3,20500
1,20496
3,20493
13,20480
6,20475
5,20468
5,20424
7,20416
25,20412
1,20405
68,20400
6,20398
38,20384
191,20358
34,20332
31,20328
4,20313
13,20304
20,20300
2,20295
2,20280
1,20254
19,20250
5,20240
3,20230
41,20216
35,20202
32,20196
37,20181
10,20172
340,20160
131,20150
14,20140
4,20128
14,20124
10,20102
1,20100
23,20088
83,20064
1,20034
161,20020
252,20010
79,20000
2,19995
196,19992
59,19980
10,19975
38,19968
4,19964
5,19950
2,19926
115,19890
1,19875
26,19872
3,19845
1,19844
52,19840
1,19825
8,19824
27,19800
44,19780
4,19778
11,19760
2,19740
8,19734
5,19721
58,19720
4,19716
1,19698
1,19684
89,19680
78,19656
2,19608
18,19604
70,19602
258,19600
428,19584
3,19575
11,19552
1,19551
26,19550
38,19536
25,19530
7,19520
6,19516
96,19500
2,19494
11,19488
3,19475
4,19458
16,19448
11,19440
13,19425
81,19404
19,19380
12,19375
3,19360
50,19344
2,19343
66,19320
70,19305
49,19292
11,19285
37,19278
2,19266
37,19251
33,19250
21,19240
24,19228
39,19220
1,19215
50,19200
16,19176
3,19159
46,19152
30,19140
2,19133
7,19129
1,19125
43,19110
18,19092
13,19074
7,19065
7,19044
11,19040
158,19008
40,19006
28,19000
1,18998
1,18975
2,18972
4,18963
6,18954
24,18942
7,18928
1,18921
2,18920
33,18900
1,18876
7,18865
6,18850
1,18848
28,18816
25,18810
2,18792
128,18791
65,18768
5,18759
1,18750
14,18734
15,18722
20,18720
1,18705
17,18700
9,18662
1,18655
51,18648
1,18630
53,18620
3,18612
60,18600
1,18590
14,18585
1,18576
16,18564
3,18560
18,18550
2,18544
43,18538
3,18522
4,18515
5,18502
6,18500
5,18490
125,18480
2,18473
5,18468
28,18450
9,18447
7,18445
4,18432
101,18414
1,18408
4,18400
20,18375
9,18368
47,18360
10,18354
4,18326
39,18315
13,18304
1,18300
1,18278
4,18270
1,18259
70,18252
34,18240
9,18228
18,18225
72,18216
6,18200
5,18189
1,18183
20,18150
155,18144
81,18135
11,18125
7,18122
11,18096
14,18088
4,18081
55,18073
111,18060
3,18054
3,18050
1,18048
44,18040
2,18032
1,18020
165,18018
2,18009
141,18000
14,17986
4,17980
48,17952
3,17940
12,17920
7,17901
6,17888
1,17871
16,17864
227,17856
26,17850
2,17835
2,17825
95,17820
1,17797
25,17784
43,17760
73,17732
4,17712
16,17710
4,17680
22,17670
19,17664
3,17649
107,17640
53,17632
16,17612
79,17600
249,17589
7,17576
17,17575
1,17568
13,17556
66,17550
10,17544
6,17501
68,17500
5,17493
105,17472
16,17457
104,17442
16,17424
3,17415
4,17400
8,17388
32,17360
19,17342
9,17340
44,17325
22,17316
2,17298
7,17290
197,17280
61,17238
21,17226
20,17220
6,17205
41,17204
264,17160
2,17138
28,17136
20,17112
8,17108
92,17100
6,17094
2,17081
3,17080
2,17056
1,17050
49,17043
39,17028
195,17024
4,17020
9,17010
29,17000
50,16983
62,16974
3,16960
5,16940
10,16933
36,16929
2,16928
108,16926
6,16920
9,16905
48,16896
1,16872
7,16864
1,16854
83,16848
3,16835
34,16830
25,16820
51,16800
12,16796
4,16770
16,16758
43,16744
25,16740
15,16728
4,16720
93,16704
3,16698
5,16660
27,16653
6,16650
8,16640
64,16632
1,16606
15,16605
7,16592
1,16588
6,16576
4,16575
98,16560
36,16530
90,16524
2,16523
11,16520
2,16512
86,16500
28,16492
4,16443
27,16428
112,16416
135,16400
3,16399
2,16384
77,16380
4,16368
6,16337
1,16335
50,16320
88,16302
14,16280
4,16275
2,16269
45,16250
28,16240
70,16224
34,16218
124,16200
14,16192
5,16182
9,16170
4,16150
1,16146
85,16128
8,16125
9,16120
3,16104
75,16100
7,16095
2,16072
11,16065
17,16048
1,16038
16,16008
47,16000
6,15990
14,15980
12,15979
67,15960
5,15939
3,15930
79,15912
200,15884
18,15876
13,15873
6,15870
25,15860
230,15840
15,15834
2,15810
20,15808
18,15785
3,15778
1,15776
40,15750
13,15744
51,15732
38,15730
14,15708
23,15688
29,15680
61,15660
3,15652
159,15640
36,15625
69,15624
30,15606
53,15600
11,15580
5,15552
5,15540
5,15525
145,15523
27,15504
18,15500
145,15498
13,15488
17,15480
2,15470
23,15456
150,15444
1,15433
4,15428
57,15400
3,15392
32,15390
17,15376
7,15370
162,15360
1,15351
27,15341
4,15334
7,15318
17,15314
23,15312
234,15300
7,15295
30,15288
3,15283
64,15275
3,15264
2,15252
129,15246
18,15232
71,15225
1,15210
18,15200
31,15190
13,15180
16,15162
3,15147
3,15138
19,15136
204,15120
5,15096
2,15088
16,15080
11,15066
124,15050
60,15048
1,15045
3,15040
2,15028
10,15022
6,15015
6,15004
88,15000
12,14994
63,14976
2,14973
14,14960
1,14950
3,14911
5,14904
45,14896
11,14880
1,14877
6,14872
25,14858
23,14850
26,14848
38,14820
12,14812
4,14805
21,14801
3,14800
8,14790
26,14784
356,14760
33,14756
2,14742
60,14725
7,14720
2,14706
60,14700
99,14688
1,14674
20,14652
8,14651
4,14640
9,14632
6,14630
1,14625
85,14620
77,14616
34,14592
24,14586
17,14580
14,14560
8,14535
20,14534
22,14520
48,14508
2,14500
2,14490
9,14476
1,14472
7,14467
1,14450
2,14448
11,14440
1,14432
24,14406
249,14400
128,14391
1,14384
5,14375
21,14364
4,14355
24,14336
9,14326
8,14322
7,14319
1,14310
4,14300
2,14297
21,14288
54,14280
1,14268
2,14260
26,14256
15,14250
2,14229
2,14212
16,14210
9,14208
2,14196
11,14190
30,14175
5,14168
10,14157
32,14145
1,14144
10,14136
28,14112
17,14105
3,14100
4,14098
11,14080
2,14079
36,14076
1,14060
79,14053
6,14045
132,14040
1,14036
17,14025
148,14022
40,14000
13,13992
1,13986
1,13981
5,13965
31,13959
14,13950
6,13949
1,13932
59,13920
22,13888
3,13872
4,13869
111,13860
3,13858
204,13832
169,13824
29,13804
107,13800
1,13794
5,13776
40,13775
32,13770
14,13764
39,13728
140,13720
5,13702
2,13690
5,13685
27,13680
26,13671
72,13664
25,13662
218,13650
7,13640
1,13630
2,13616
83,13608
6,13600
5,13583
244,13572
2,13566
3,13552
2,13547
6,13545
8,13542
32,13536
4,13524
1,13520
72,13500
7,13485
4,13481
29,13468
5,13464
21,13455
16,13448
3,13442
117,13440
1,13431
60,13398
68,13392
1,13377
18,13376
2,13365
2,13357
9,13356
14,13340
58,13338
58,13328
22,13320
27,13312
4,13311
2,13310
12,13300
28,13294
5,13284
1,13275
17,13260
24,13248
1,13244
165,13230
50,13224
2,13209
75,13200
1,13175
15,13167
14,13160
22,13158
4,13156
3,13144
33,13125
45,13122
21,13120
3,13110
71,13104
45,13090
22,13079
26,13068
64,13056
17,13050
1,13038
3,13034
23,13024
160,13020
2,13000
17,12996
20,12987
2,12985
1,12980
26,12960
5,12958
17,12950
1,12943
7,12936
1,12925
9,12920
22,12903
52,12900
245,12896
65,12880
49,12870
1,12857
67,12852
5,12844
5,12834
1,12825
1,12818
7,12810
33,12800
5,12792
2,12789
19,12784
55,12771
88,12768
7,12765
28,12760
2,12750
6,12740
15,12720
10,12716
1,12710
5,12705
2,12696
2,12691
1,12690
14,12675
27,12673
91,12672
9,12654
13,12650
12,12648
20,12642
39,12636
8,12635
5,12628
2,12617
268,12600
1,12586
14,12584
1,12580
28,12558
34,12546
1,12544
55,12540
74,12528
83,12512
23,12506
10,12502
18,12500
13,12495
82,12480
4,12474
12,12470
113,12441
7,12432
53,12420
2,12408
18,12400
7,12393
7,12390
2,12384
9,12376
25,12375
41,12369
8,12350
2,12348
15,12342
4,12341
8,12325
7,12320
13,12312
10,12300
13,12298
6,12288
3,12285
26,12276
7,12274
2,12272
8,12255
71,12250
3,12243
44,12240
121,12236
13,12220
9,12210
1,12194
30,12180
5,12177
142,12168
9,12167
5,12152
12,12150
35,12144
12,12138
62,12122
5,12121
68,12100
108,12096
48,12090
3,12084
7,12078
1,12075
61,12064
2,12054
7,12040
1,12025
430,12012
7,12006
47,12005
66,12000
10,11988
1,11979
13,11970
27,11968
67,11960
7,11935
6,11934
9,11914
10,11913
25,11907
10,11904
63,11900
6,11890
125,11880
21,11875
33,11872
3,11868
1,11858
21,11856
39,11849
48,11844
10,11840
54,11832
237,11830
8,11825
24,11808
7,11799
1,11780
33,11776
195,11760
1,11750
41,11745
54,11739
23,11730
86,11718
36,11704
75,11700
1,11696
3,11687
112,11664
71,11662
6,11661
21,11656
5,11655
156,11648
1,11638
116,11628
18,11616
3,11610
13,11600
65,11594
31,11592
18,11583
6,11571
1,11562
5,11560
88,11552
195,11550
1,11544
68,11529
185,11520
2,11515
68,11500
17,11492
71,11484
28,11480
6,11475
6,11470
33,11466
10,11440
123,11424
85,11408
351,11400
1,11396
1,11390
1,11385
116,11375
14,11368
6,11362
72,11352
132,11340
28,11339
15,11323
14,11322
3,11316
14,11310
35,11286
87,11284
17,11275
110,11264
195,11253
543,11250
6,11248
117,11232
12,11223
125,11220
49,11200
30,11193
5,11186
47,11178
21,11172
5,11165
92,11160
9,11154
20,11152
15,11136
3,11132
81,11100
110,11088
2,11070
4,11067
8,11063
5,11050
388,11040
49,11025
51,11020
189,11016
5,11008
221,11000
1,10989
110,10980
57,10976
18,10962
43,10948
17,10944
5,10935
1,10933
18,10925
225,10920
16,10912
4,10906
106,10890
17,10881
29,10880
2,10879
2,10878
19,10875
6,10868
3,10857
18,10850
85,10846
37,10836
26,10830
3,10824
3,10816
230,10800
17,10788
3,10780
141,10773
13,10764
35,10752
39,10750
1,10736
5,10730
8,10725
24,10716
216,10710
4,10695
13,10693
29,10692
20,10672
9,10664
62,10660
1,10659
70,10656
2,10648
3,10647
58,10640
40,10633
101,10626
18,10625
3,10621
3,10620
129,10608
3,10602
83,10584
11,10582
4,10580
1,10571
33,10560
19,10545
10,10540
1,10535
164,10530
1,10528
2,10527
93,10500
2,10496
2,10494
33,10488
27,10478
41,10472
2,10469
54,10465
3,10455
72,10450
5,10449
116,10440
5,10434
122,10416
92,10404
125,10400
55,10395
11,10374
1,10373
330,10368
20,10360
83,10353
77,10350
23,10336
69,10332
19,10323
8,10320
43,10304
49,10296
33,10290
54,10260
43,10248
22,10240
6,10234
85,10230
36,10212
8,10208
1,10206
25,10200
21,10192
2,10184
104,10179
89,10176
8,10175
9,10168
26,10166
19,10164
40,10152
33,10150
1,10143
127,10140
2,10127
6,10125
70,10120
20,10108
25,10098
2,10092
332,10080
3,10075
1,10070
1,10064
15,10045
17,10044
13,10032
56,10030
67,10010
193,10000
59,9996
22,9990
22,9984
31,9982
7,9975
6,9945
38,9936
57,9920
83,9918
247,9900
4,9882
49,9880
97,9867
39,9860
73,9856
21,9840
467,9828
2,9823
2,9804
14,9802
33,9801
12,9800
289,9792
42,9775
20,9768
184,9765
1,9758
237,9750
17,9747
60,9744
3,9728
38,9724
63,9720
26,9702
3,9690
128,9680
35,9675
136,9672
34,9660
4,9646
99,9639
10,9633
5,9632
81,9625
4,9614
1,9610
3,9604
158,9600
8,9588
281,9576
37,9570
17,9568
5,9558
139,9555
38,9548
79,9546
15,9540
20,9537
58,9522
94,9520
147,9504
4,9503
28,9500
114,9486
2,9477
1,9471
23,9464
16,9460
47,9450
1,9440
122,9438
11,9430
1,9425
1,9424
70,9408
5,9396
1,9394
137,9384
6,9380
29,9375
5,9361
97,9360
3,9348
16,9331
17,9324
52,9315
8,9310
61,9300
10,9288
159,9282
15,9280
15,9261
22,9251
15,9250
129,9248
203,9240
1,9234
20,9225
313,9216
16,9207
15,9200
36,9196
19,9184
110,9180
13,9165
120,9152
4,9139
5,9135
3,9126
144,9120
9,9114
76,9108
1,9102
96,9100
14,9075
90,9072
2,9065
86,9048
5,9044
2,9030
4,9024
2,9020
32,9016
5,9010
108,9009
93,9000
68,8991
199,8976
5,8970
164,8960
7,8959
17,8932
38,8928
56,8925
1,8918
32,8910
4,8904
53,8892
3,8883
49,8880
55,8874
84,8866
23,8856
239,8840
47,8832
410,8820
8,8816
67,8806
46,8800
4,8788
2,8784
104,8778
20,8775
6,8772
6,8750
14,8748
1,8742
7,8740
189,8736
36,8721
333,8712
9,8704
64,8700
102,8694
52,8680
9,8671
41,8670
46,8664
2,8658
112,8649
7,8648
286,8640
11,8625
8,8624
103,8613
1,8610
66,8602
1,8584
125,8580
2,8576
4,8575
1,8569
252,8568
55,8556
23,8550
3,8547
134,8528
1,8526
7,8525
43,8514
74,8512
1,8510
25,8505
9,8500
9,8496
157,8464
112,8463
143,8448
4,8437
3,8436
17,8432
10,8428
53,8424
18,8415
5,8410
1,8405
184,8400
24,8398
10,8381
2,8379
45,8372
11,8370
1,8364
10,8360
53,8352
8,8349
27,8330
4,8323
12,8320
662,8316
164,8303
133,8294
23,8288
54,8280
67,8272
1,8268
2,8265
1,8260
6,8256
46,8250
24,8246
1,8232
7,8228
37,8225
78,8211
106,8208
11,8200
2,8192
56,8190
94,8184
19,8177
124,8160
68,8151
11,8142
5,8140
3,8125
53,8120
26,8118
40,8113
143,8112
99,8100
25,8096
2,8092
12,8091
86,8085
15,8075
14,8073
280,8064
712,8060
3,8056
10,8052
18,8050
2,8040
84,8037
8,8036
20,8019
203,8008
17,8004
108,8000
3,7998
3,7995
19,7992
46,7990
7,7986
56,7980
75,7975
74,7956
5,7955
4,7942
27,7938
50,7936
1,7935
12,7930
313,7920
58,7917
57,7905
23,7904
2,7888
44,7875
25,7872
43,7866
47,7854
5,7843
55,7840
135,7830
15,7826
57,7820
73,7812
15,7808
31,7803
100,7800
1,7788
90,7776
30,7774
2,7755
27,7752
27,7750
28,7749
26,7744
33,7740
44,7735
4,7733
38,7728
155,7722
2,7714
258,7700
48,7696
13,7695
13,7685
211,7680
5,7667
116,7659
89,7656
125,7650
66,7644
17,7632
2,7626
28,7623
61,7616
114,7600
1,7595
76,7590
4,7568
1,7567
489,7560
27,7548
3,7544
85,7540
16,7533
69,7525
10,7524
6,7520
5,7514
1,7511
46,7502
47,7500
88,7488
9,7482
3,7480
12,7475
8,7462
7,7452
25,7448
236,7440
73,7436
2,7429
137,7425
36,7420
134,7410
15,7406
17,7400
1,7396
155,7395
167,7392
7,7381
18,7380
11,7378
12,7371
63,7360
3,7353
122,7350
223,7344
13,7337
6,7320
3,7315
6,7310
394,7308
83,7296
1,7293
343,7290
123,7280
76,7260
1,7259
33,7254
62,7252
57,7250
16,7245
10,7238
19,7225
2,7224
16,7220
12,7216
23,7208
15,7203
349,7200
3,7192
4,7182
32,7176
9,7175
121,7168
32,7161
7,7155
1040,7150
4,7144
107,7140
16,7130
313,7128
7,7125
12,7106
5,7105
149,7104
22,7098
23,7095
113,7084
5,7080
74,7072
3,7068
128,7056
3,7050
17,7047
334,7040
36,7038
2,7030
198,7020
37,7018
11,7011
60,7000
24,6993
24,6992
64,6975
1,6970
1,6966
125,6960
21,6944
2,6936
106,6930
26,6916
57,6912
162,6902
87,6900
5,6888
78,6885
6,6882
21,6880
2,6875
197,6864
31,6860
4,6859
67,6851
1,6845
225,6840
3,6831
20,6825
93,6820
1,6815
11,6808
65,6804
8,6800
62,6786
3,6783
24,6776
25,6765
437,6762
13,6760
45,6750
1,6734
24,6732
83,6728
5,6727
1013,6720
1,6710
153,6708
5,6699
112,6696
66,6688
8,6678
136,6670
9,6669
53,6665
623,6664
15,6660
64,6656
65,6650
4,6647
27,6642
61,6630
228,6624
33,6622
174,6615
51,6612
1,6601
305,6600
6,6580
70,6578
282,6561
2,6560
4,6555
249,6552
4,6536
81,6534
61,6528
56,6525
3,6517
15,6512
225,6510
42,6500
122,6498
191,6496
21,6490
296,6480
128,6479
11,6475
62,6468
7,6460
21,6450
29,6448
45,6440
7,6438
9,6435
115,6426
11,6422
21,6417
8,6409
80,6400
43,6392
370,6384
92,6380
902,6370
6,6360
24,6358
4,6355
1,6348
209,6336
1,6325
1,6324
56,6318
42,6314
585,6300
1,6292
24,6279
115,6272
81,6270
40,6264
96,6256
7,6251
8,6250
154,6240
71,6237
8,6235
3,6232
19,6222
47,6216
5,6210
25,6204
41,6200
2,6192
42,6188
76,6175
45,6174
12,6171
158,6160
10,6156
10,6150
110,6144
18,6138
68,6137
154,6136
10,6125
185,6120
2,6118
8,6110
1,6105
1,6097
13,6095
112,6090
25,6084
43,6080
74,6076
14,6075
67,6072
41,6069
52,6061
107,6050
256,6048
14,6045
13,6032
8,6027
2,6020
7,6016
111,6006
37,6003
254,6000
23,5994
216,5984
16,5980
4,5978
9,5967
3,5957
17,5952
103,5950
18,5945
100,5940
3,5936
112,5928
1,5920
65,5916
7,5915
16,5904
1,5900
7,5890
61,5888
23,5887
304,5880
14,5865
10,5859
22,5852
124,5850
60,5832
163,5824
36,5819
9,5814
129,5808
30,5800
57,5797
92,5796
28,5780
24,5776
102,5775
10,5772
5,5766
341,5760
27,5746
15,5742
20,5740
1,5733
4,5724
33,5720
403,5712
1,5704
53,5700
26,5698
30,5684
3,5676
145,5670
1,5661
28,5658
69,5655
15,5643
8,5642
13,5640
20,5632
30,5625
1,5624
209,5616
237,5610
1204,5600
12,5593
33,5589
88,5586
122,5580
5,5577
12,5576
32,5568
52,5566
3,5551
18,5550
231,5544
3,5535
20,5525
106,5520
15,5510
15,5508
2,5504
29,5500
1,5499
9,5491
15,5490
22,5488
58,5481
1,5476
21,5474
24,5472
146,5460
201,5456
9,5453
18,5445
104,5440
42,5434
14,5425
39,5423
10,5415
23,5412
126,5408
168,5400
22,5394
22,5390
78,5382
686,5376
1,5368
6,5365
16,5355
21,5346
262,5336
4,5332
7,5330
32,5328
3,5324
83,5320
25,5313
98,5304
3,5301
11,5300
245,5292
186,5291
14,5290
194,5280
5,5278
3,5270
7,5265
1,5264
412,5250
13,5248
2,5246
14,5244
1,5239
122,5236
21,5225
68,5220
17,5217
991,5208
8,5203
5,5202
178,5200
2,5194
1,5192
20,5187
207,5184
13,5180
246,5175
4,5170
36,5168
123,5166
1,5160
16,5152
74,5148
7,5145
18,5130
1,5124
122,5120
39,5117
15,5115
10,5106
7,5104
259,5103
47,5100
73,5096
1,5088
33,5083
45,5082
97,5075
7,5070
12,5060
28,5054
31,5049
356,5040
1,5032
3,5022
22,5016
6,5005
72,5000
82,4998
5,4995
94,4992
36,4991
12,4988
119,4968
6,4961
191,4960
9,4959
1,4956
195,4950
8,4940
9,4935
169,4930
229,4928
2,4921
9,4920
99,4914
32,4913
1,4902
6,4901
14,4900
132,4896
2,4884
1,4880
17,4875
258,4872
16,4864
45,4862
93,4860
61,4851
10,4845
98,4840
45,4836
169,4830
12,4816
67,4810
33,4807
3,4805
1,4802
315,4800
36,4788
6,4785
33,4784
5,4779
132,4774
1,4770
1,4761
41,4760
2,4758
17,4756
199,4752
36,4750
9,4743
310,4732
2,4730
100,4725
5,4719
68,4712
156,4704
35,4700
8,4698
145,4692
112,4680
13,4675
9,4674
87,4669
10,4662
36,4655
45,4650
33,4644
11,4641
17,4640
1,4625
215,4624
426,4620
5,4617
116,4608
1,4606
1,4602
113,4600
53,4598
10,4592
61,4590
9,4588
115,4576
55,4563
145,4560
26,4557
183,4554
35,4550
188,4536
68,4524
3,4522
11,4515
11,4512
2,4510
40,4508
1,4505
199,4500
3,4495
49,4488
15,4485
168,4480
11,4472
15,4466
2,4465
91,4464
11,4455
3,4452
50,4446
6,4440
10,4437
33,4433
29,4428
37,4420
214,4416
137,4410
25,4408
17,4403
252,4400
26,4389
23,4375
25,4374
10,4371
280,4370
231,4368
128,4356
45,4352
26,4350
18,4347
105,4340
4,4335
9,4332
81,4324
307,4320
122,4312
29,4305
10,4301
8,4293
10,4292
231,4290
51,4284
12,4278
25,4275
39,4263
26,4257
60,4256
38,4250
6,4240
68,4232
31,4230
346,4224
3,4216
110,4212
2,4205
469,4200
44,4199
100,4186
73,4185
6,4182
112,4180
8,4176
213,4165
172,4160
138,4158
7,4147
10,4144
250,4140
6,4134
2,4131
6,4130
48,4128
3,4123
37,4116
12,4114
67,4104
6,4100
133,4096
56,4095
208,4092
441,4080
7,4070
78,4060
100,4056
122,4050
55,4048
15,4046
620,4032
9,4030
8,4025
42,4004
5,4002
210,4000
10,3999
4,3996
14,3993
158,3990
162,3978
22,3975
80,3969
199,3968
358,3960
2,3956
137,3952
87,3948
36,3944
54,3933
20,3927
203,3920
105,3915
15,3913
8,3910
53,3906
40,3900
143,3888
78,3887
6,3885
154,3876
20,3875
111,3872
31,3870
287,3864
6,3861
6,3857
35,3850
1,3844
418,3840
97,3828
74,3825
57,3822
60,3808
334,3800
5,3795
2,3784
565,3780
10,3770
222,3762
22,3760
3,3757
1,3752
488,3751
82,3750
116,3744
30,3740
44,3726
248,3724
273,3720
1,3718
12,3712
119,3705
234,3703
19,3700
145,3696
3,3690
2,3689
113,3680
87,3675
74,3672
5,3657
123,3654
66,3648
16,3645
115,3640
141,3630
43,3627
4,3626
7,3625
7,3612
83,3610
299,3600
3,3596
24,3591
25,3588
59,3584
7,3575
122,3570
6,3565
72,3564
11,3553
5,3552
8,3542
121,3536
34,3534
294,3528
107,3520
4,3519
32,3510
3,3509
40,3500
11,3498
169,3496
2,3483
25,3480
44,3472
183,3465
69,3458
329,3456
8,3451
37,3450
12,3444
45,3432
3,3430
139,3420
2,3416
50,3410
94,3402
98,3400
96,3393
17,3388
49,3381
37,3380
33,3375
3,3367
1021,3366
586,3360
47,3348
61,3344
7,3339
1,3335
15,3332
34,3330
607,3328
176,3325
2,3321
44,3315
64,3312
75,3306
272,3300
1,3289
189,3276
3,3267
106,3264
1,3256
34,3255
26,3250
34,3249
74,3248
1,3245
208,3240
29,3234
6,3230
20,3224
453,3220
37,3213
7,3211
135,3200
98,3192
18,3190
38,3185
2,3180
12,3179
215,3174
363,3168
4,3162
86,3159
137,3150
16,3146
87,3136
3,3135
51,3132
37,3128
2,3125
88,3120
32,3108
84,3105
50,3100
9,3096
89,3094
3,3087
77,3080
36,3078
1,3075
29,3072
2,3069
196,3060
43,3059
21,3045
19,3042
149,3040
1,3038
109,3036
45,3025
603,3024
26,3016
7,3008
262,3003
133,3000
21,2997
32,2992
25,2990
80,2976
34,2975
82,2970
5,2968
57,2964
1,2961
10,2960
27,2958
3,2952
5,2945
42,2944
289,2940
17,2926
89,2925
103,2916
80,2912
16,2907
150,2904
113,2900
100,2898
18,2890
33,2888
11,2886
12,2883
364,2880
41,2875
31,2873
4,2871
92,2860
252,2856
7,2852
219,2850
6,2849
15,2842
131,2835
13,2829
3,2820
130,2816
124,2808
44,2805
296,2800
14,2793
76,2790
29,2784
1,2783
194,2772
175,2760
1,2756
5,2755
53,2754
1,2752
60,2750
2,2745
65,2744
2,2738
10,2737
46,2736
115,2730
27,2728
53,2720
35,2717
30,2704
354,2700
1,2697
176,2688
18,2679
106,2673
18,2668
2,2666
13,2665
252,2664
11,2662
205,2660
75,2652
192,2646
79,2645
230,2640
3,2639
2,2632
39,2625
14,2624
28,2622
152,2618
38,2610
69,2604
15,2601
195,2600
7,2597
244,2592
19,2590
17,2584
1,2583
1,2580
388,2576
74,2574
25,2565
53,2560
21,2552
79,2550
10,2548
27,2544
1,2542
37,2541
45,2538
65,2535
83,2530
101,2527
464,2520
7,2511
62,2508
38,2500
50,2499
82,2496
63,2484
17,2480
63,2475
25,2470
1,2465
241,2464
31,2460
1,2457
63,2450
149,2448
4,2440
20,2436
8,2432
2,2431
122,2430
56,2420
47,2418
60,2415
547,2400
63,2394
31,2392
4,2387
52,2380
2,2378
105,2376
121,2375
23,2368
4,2366
14,2356
271,2352
16,2350
5,2349
40,2346
94,2340
1,2332
3,2331
7,2325
10,2320
7,2312
192,2310
230,2304
2,2301
198,2300
11,2299
12,2295
75,2288
152,2280
10,2277
19,2275
343,2268
25,2262
36,2261
91,2254
171,2250
60,2244
304,2240
1,2236
5,2233
88,2232
9,2226
20,2223
2,2220
4,2214
88,2210
100,2208
31,2205
15,2204
109,2200
27,2197
4,2196
205,2187
2,2185
184,2184
73,2178
131,2176
47,2175
3,2170
26,2166
387,2160
78,2156
30,2145
148,2142
5,2139
101,2128
9,2125
1,2120
30,2116
374,2112
5,2109
2,2108
1,2107
179,2106
344,2100
105,2093
17,2090
17,2088
82,2080
55,2079
2,2072
95,2070
100,2058
25,2057
123,2052
34,2048
95,2046
87,2040
8,2030
88,2028
559,2025
29,2024
5,2023
508,2016
4,2015
47,2002
18,2001
454,2000
109,1998
79,1995
78,1989
5,1984
369,1980
3,1978
18,1976
3,1972
118,1960
17,1955
42,1953
99,1950
117,1944
33,1938
36,1936
34,1932
10,1925
278,1920
16,1914
110,1911
19,1908
78,1904
82,1900
582,1890
1,1885
3,1881
4,1880
269,1872
36,1870
166,1863
29,1862
29,1860
19,1859
10,1856
22,1850
468,1848
2,1845
272,1840
109,1836
3,1830
4,1827
98,1824
150,1820
16,1815
2,1813
2,1806
26,1805
417,1800
1,1798
33,1794
85,1792
48,1785
19,1782
1,1776
27,1771
11,1768
3,1767
543,1764
327,1760
39,1755
27,1750
84,1748
17,1740
17,1736
19,1734
17,1729
274,1728
53,1725
27,1722
49,1716
57,1710
3,1705
60,1701
78,1700
55,1694
4,1692
17,1690
127,1683
1355,1680
5,1677
40,1674
37,1672
77,1666
160,1664
64,1656
44,1653
120,1650
3,1643
13,1640
310,1638
163,1632
2,1628
36,1625
7,1624
181,1620
37,1617
38,1615
4,1612
57,1610
273,1600
249,1596
7,1595
7,1590
696,1584
74,1575
19,1573
190,1568
4,1566
42,1564
355,1560
2,1554
2,1550
79,1547
160,1540
24,1539
73,1536
56,1530
16,1521
20,1520
33,1519
43,1518
508,1512
1698,1500
115,1496
9,1495
48,1488
55,1485
149,1482
3,1480
9,1479
54,1472
158,1470
42,1463
2,1462
269,1458
74,1456
110,1452
7,1450
6,1449
9,1445
2,1443
322,1440
1,1435
58,1430
239,1428
28,1426
48,1425
3,1421
1,1419
1,1410
80,1408
67,1404
160,1400
16,1395
27,1392
111,1386
100,1380
62,1377
5,1375
43,1372
3,1369
129,1368
62,1365
28,1364
73,1360
2,1352
189,1350
200,1344
49,1334
11,1332
6,1331
104,1330
169,1326
43,1323
277,1320
10,1312
10,1309
4,1305
9,1302
208,1300
676,1296
58,1292
16,1290
31,1288
132,1287
88,1280
29,1276
34,1275
30,1274
1,1272
649,1260
76,1254
42,1250
253,1248
61,1242
96,1240
420,1235
80,1232
19,1225
195,1224
49,1218
67,1216
46,1215
33,1210
97,1209
2,1206
390,1200
97,1197
21,1196
77,1190
167,1188
54,1183
169,1176
15,1173
149,1170
41,1160
10,1156
223,1155
382,1152
8,1150
21,1148
35,1144
597,1140
79,1134
4,1131
4,1128
15,1127
38,1125
89,1122
108,1120
2,1116
28,1110
38,1105
107,1104
18,1102
163,1100
119,1092
76,1089
85,1088
31,1085
466,1080
79,1078
1,1073
404,1071
73,1064
1,1062
39,1058
186,1056
1,1054
40,1053
325,1050
44,1045
5,1044
95,1040
30,1036
35,1035
12,1032
16,1029
465,1026
57,1024
3,1023
743,1020
3,1015
23,1014
24,1012
476,1008
10,1001
18711,1000
4,999
6,992
238,990
29,988
4,986
5,984
104,980
3,976
223,975
218,972
13,969
45,968
18,966
3,962
3,961
299,960
12,957
279,952
46,950
3,946
128,945
93,936
47,935
20,931
3,930
14,928
1,925
114,924
29,920
88,918
286,912
72,910
376,900
2,897
160,896
14,891
28,884
118,882
277,880
8,875
7,874
14,870
42,868
2,867
715,864
8,861
526,858
266,855
2,851
760,850
14,847
76,845
351,840
47,836
13,833
123,832
33,828
74,825
173,819
130,816
1,812
213,810
3,806
177,800
61,798
657,792
141,784
13,783
10,782
354,780
160,770
400,768
141,765
178,760
7,759
246,756
120,750
133,748
36,744
10,741
119,736
22,735
9,731
52,729
79,728
79,726
9,722
1591,720
40,715
159,714
1,713
241,704
5,703
70,702
119,700
19,696
3430,693
81,690
2,689
12,686
49,684
1,682
254,680
37,676
90,675
339,672
2,670
13,667
17,665
8,663
2025,660
7,656
1,651
63,650
811,648
1,646
68,644
177,640
45,638
20,637
516,630
153,627
29,625
427,624
14,621
6,620
279,616
181,612
4,609
52,608
31,605
546,600
13,598
75,595
587,594
221,588
202,585
11,580
11,578
571,576
4,575
2,574
424,572
119,570
65,567
235,561
459,560
1,559
2,558
2,555
21,552
1,551
17,550
70,546
68,544
329,540
17,539
1,533
99,532
1,529
419,528
66,525
12,522
253,520
82,513
702,512
213,510
1,507
13,506
444,504
376,500
6,496
110,495
22,494
6,493
24,490
160,486
91,484
7,483
617,480
607,476
20,475
225,468
3,465
42,464
85,462
7,460
224,459
238,456
10,455
204,450
157,448
2,444
8,442
27,441
326,440
3,437
8,434
740,432
438,429
31,425
380,420
26,418
102,416
14,414
3,410
630,408
4,406
153,405
3,403
740,400
11,399
191,396
40,392
6,391
140,390
89,385
787,384
66,380
224,378
2,377
38,375
37,374
18,368
49,364
91,363
20,361
936,360
23,357
139,352
190,351
133,350
11,345
43,343
43,342
129,340
2,338
336,336
123,330
6,329
7,325
196,324
56,323
13,322
161,320
67,315
88,312
1,310
133,308
97,306
366,304
4,301
198,300
36,299
219,297
237,294
12,290
7,289
245,288
179,286
17,285
168,280
16,276
49,275
59,273
107,272
208,270
29,266
267,264
16,261
189,260
120,256
6,255
6,253
374,252
6,250
1,248
12,247
1,246
40,245
35,243
26,242
369,240
133,238
63,234
16,232
66,231
43,230
49,228
77,225
189,224
14,221
60,220
17,217
217,216
1,215
142,210
18,209
44,208
7,207
126,204
88,200
147,198
77,196
16,195
246,192
45,190
44,189
10,187
15,184
52,182
871,180
3,177
77,176
3,175
16,171
43,170
3,169
91,168
205,165
58,162
4,161
100,160
16,156
1,155
69,154
131,153
253,150
66,147
189,144
18,143
548,140
4,138
23,136
58,135
91,132
49,130
110,128
74,126
19,125
16,121
810,120
18,119
8,117
6,116
2,114
236,112
174,110
196,108
27,105
54,104
5,102
113,100
80,99
27,98
80,96
2,95
59,91
67,90
27,88
30,85
85,84
5,81
73,80
35,78
9,77
26,75
96,72
158,70
2,69
44,66
1,65
17,64
22,63
1,62
71,60
40,56
1,55
35,54
5,52
79,50
32,49
89,48
7,46
56,45
20,44
106,42
69,40
5,39
81,36
22,35
8,34
1,33
26,32
14,30
15,28
1,26
34,25
39,24
1,22
12,21
21,20
1,19
11,18
2,17
22,16
12,15
7,14
5,13
19,12
7,10
3,8
1,6
6,5
2,4
1,3
120,1
